name,lon,lat,correlation,rmse
"aasiaat,greenland_001_glossdm_bodc",-52.883,68.71,0.67468853,0.075599284
abashiri_japan_jma,144.28,44.017,0.762237372,0.055848639
aberdeen_p038_uk_bodc,-2.0745,57.143,0.80298676,0.092327473
abidjan_vridi_230a_ivory_coast_uhslc,-4,5.2417,0.289104653,0.048157954
aburatsu_japan_jma,131.42,31.567,0.609198716,0.064886701
acajutla_c_082c_el_salvador_uhslc,-89.833,13.583,0.196273312,0.065886791
"acapulco_c,gro._316c_mexico_uhslc",-99.912,16.84,0.318507423,0.0599515
"adak,alaska_040a_usa_uhslc",-176.63,51.863,0.775364271,0.079686793
"aden_172a_yemen,_p.d.r_uhslc",44.975,12.788,0.344509018,0.034395877
"aguadilla,pr_263a_usa_uhslc",-67.163,18.457,0.400550404,0.028995621
ajaccio_aspretto_france_med_refmar,8.7628,41.923,0.738113649,0.047850538
akabane_japan_jma,137.18,34.6,0.608856917,0.087162699
akyab__sittwe__907a_myanmar_uhslc,92.903,20.14,0.355794298,0.137391199
alameda_navalairstation__usa_noaa,-122.3,37.772,0.735051854,0.049404316
albany_001_australia_johnhunter,117.88,-35.024,0.79264204,0.067546472
alcudia_alcudia_spain_pde,3.1392,39.835,0.748975228,0.051698879
"alertbay,bc_08280_canada_meds",-126.93,50.587,0.642004082,0.094934295
alexandria_330071_egypt_noc,29.917,31.217,0.526732903,0.064743813
algeciras_alge_spain_ieo,-5.4333,36.117,0.59943732,0.071115778
almeria_almeria_spain_pde,-2.478,36.83,0.673121115,0.050163985
alotau_069a_papua_new_guinea_uhslc,150.45,-10.168,0.352594602,0.033613688
amami_japan_jma,129.53,28.317,0.511340046,0.057090684
ambon_b_133b_indonesia_uhslc,128.18,-3.6833,0.593283798,0.052246985
"ammassalik,greenland_001_glossdm_bodc",-37,65.5,0.688188791,0.136389401
ammassalik_297a_denmark_uhslc,-37,65.6,0.717296272,0.122534774
anchorage_usa_noaa,-149.89,61.238,0.558738427,0.160667763
ancona_ancona_italy_idromare,13.506,43.625,0.745469924,0.078874923
andenes_001_glossdm_bodc,16.15,69.317,0.76745269,0.088398007
anewa_bay_048a_papua_new_guinea_uhslc,155.88,-6.1833,0.215263207,0.060590568
angra_heroismo_b_215b_portugal_uhslc,-27.24,38.65,0.791741678,0.041446128
annapolis_navalacademy__usa_noaa,-76.482,38.983,0.751264086,0.101554006
antalya_anta_turkey_eseas,30.617,36.833,0.564880804,0.069075138
antofagasta_080a_chile_uhslc,-70.4,-23.65,0.198198342,0.046213968
apalachicola_usa_noaa,-84.982,29.727,0.788408694,0.082047603
apia_b_401b_western_samoa_uhslc,-171.75,-13.817,0.219139857,0.046163781
arcachon_eyrac_france_refmar,-1.1636,44.665,0.753661935,0.090553707
"arecibo,_pr_735a_usa_uhslc",-66.702,18.48,0.406550223,0.032403502
"arena_cove,_ca_573a_usa_uhslc",-123.71,38.913,0.748150599,0.065377551
"argentia,nf_00835_canada_meds",-53.983,47.3,0.635486674,0.098505545
arica_083a_chile_uhslc,-70.333,-18.467,0.245855185,0.047086728
arrecife_arre_spain_ieo,-13.53,28.972,0.382550156,0.077078655
ascension_uk_noc,-14.417,-7.9167,0.211621007,0.024154437
"astoria,or_572a_usa_uhslc",-123.77,46.208,0.762768826,0.09259418
atlantic_city_264a_usa_uhslc,-74.418,39.355,0.772222189,0.103174113
auckland_070a_new_zealand_uhslc,174.77,-36.85,0.782306444,0.05267406
avonmouth_p060_uk_bodc,-2.715,51.511,0.558425165,0.20858979
awayuki_japan_jma,134.6,33.767,0.533943391,0.073404828
ayukawa_japan_jma,141.5,38.3,0.725392986,0.048403752
bahia_los_angeles_310a_mexico_uhslc,-113.55,28.958,0.364757769,0.051714707
bajor_414a_indonesia_uhslc,117.42,-0.6833,-0.320384335,0.17597656
bakar_bakar_I_croatia_university_zagreb,14.533,45.3,0.774276356,0.079883065
balboa_302a_panama_uhslc,-79.573,8.9617,0.229853113,0.071482547
balikpapan_411a_indonesia_uhslc,116.8,-1.2667,-0.662674918,0.18198191
baltimore_usa_noaa,-76.578,39.267,0.746455938,0.111751115
baltra_b_003b_ecuador_uhslc,-90.285,-0.435,0.234587767,0.040446215
"bamfield,bc_08545_canada_meds",-125.14,48.836,0.653901511,0.094502358
bangor_p662_uk_bodc,-5.6695,54.665,0.796545052,0.10900751
"barbers_point,hi_547a_usa_uhslc",-158.12,21.32,0.416386058,0.025006339
barcelona_barcelona_spain_pde,2.163,41.342,0.729629286,0.054335205
"barharbor,frenchmanbay,me_usa_noaa",-68.205,44.392,0.69702157,0.088589773
bari_bari_italy_idromare,16.912,41.137,0.527698747,0.087337595
barmouth_p923_uk_bodc,-4.0452,52.719,0.745802231,0.150357464
barseback_001_sweden_smhi,12.903,55.756,0.739078573,0.102689267
base_prat_b_730b_chile_uhslc,-59.633,-62.483,0.769264186,0.075315613
bayonne_boucau_france_refmar,-1.5148,43.527,0.760864427,0.080294811
beihai_636a_china_uhslc,109.08,21.483,0.556556869,0.097531399
"belem,_uscgs_229a_brazil_uhslc",-48.5,-1.45,0.211988185,0.095008761
belize_781a_british_honduras_uhslc,-88.183,17.5,0.367178182,0.047532842
"bellabella,bc_08976_canada_meds",-128.14,52.163,0.624745687,0.104389552
benoa_b_163b_indonesia_uhslc,115.21,-8.745,0.220520692,0.08512849
"bermuda,st.georgesisland_001_glossdm_bodc",-64.7,32.4,0.528420282,0.071728232
bilbao_bilbao_spain_pde,-3.05,43.357,0.793439325,0.055522842
bintulu_387a_malaysia_uhslc,113.07,3.2167,0.39600922,0.050071706
bitung_033a_indonesia_uhslc,125.19,1.44,0.232723912,0.037573191
bjorn_028_sweden_smhi,17.967,60.633,0.540037201,0.12982388
bluff_072a_new_zealand_uhslc,168.35,-46.6,0.83947299,0.073205273
bonanza_bonanza_spain_pde,-6.34,36.8,0.765108874,0.059997424
booby_island_336a_australia_uhslc,141.92,-10.6,0.566919078,0.091988013
"boston,ma_741a_usa_uhslc",-71.052,42.355,0.746050816,0.090380074
boulogne_sur_mer_france_refmar,1.5777,50.727,0.708442799,0.15072004
bournemouth_p988_uk_bodc,-1.8749,50.714,0.741239959,0.0875014
brest_france_refmar,-4.5,48.383,0.764598773,0.090799731
bridgeport_usa_noaa,-73.182,41.173,0.751859692,0.113378748
bridgetown_d_249d_barbados_uhslc,-59.617,13.1,0.301642294,0.04795401
brisbane_002_australia_johnhunter,153.03,-27.468,0.522785324,0.066578294
brisbane_331a_australia_uhslc,153.17,-27.367,0.517221951,0.06589008
broome_004_australia_johnhunter,122.24,-17.955,0.290251241,0.113372339
buenaventura_085a_colombia_uhslc,-77.1,3.9,0.169012593,0.099100834
buenos_aires_285a_argentina_uhslc,-58.5,-34.667,0.662308097,0.3572759
bunbury_006_australia_johnhunter,115.64,-33.327,0.794523203,0.08371412
bundaberg_003_australia_johnhunter,152.35,-24.833,0.412317333,0.077171877
bundaberg_332a_australia_uhslc,152.38,-24.767,0.428189131,0.069260315
burnie_005_australia_johnhunter,145.91,-41.053,0.632766368,0.116812608
burnie_344a_australia_uhslc,145.91,-41.5,0.791331032,0.064852812
cabo_san_lucas_034a_mexico_uhslc,-109.91,22.88,0.335266435,0.042025528
cadiz_cadi_spain_ieo,-6.2833,36.533,0.681782442,0.063853442
cagliari_cagliari_italy_idromare,9.1143,39.21,0.714174314,0.053602122
cairns_007_australia_johnhunter,145.78,-16.925,0.6203383,0.056923725
calais_france_refmar,1.8677,50.969,0.704572643,0.150629083
"caldera,chile_001_glossdm_bodc",-70.833,-27.067,0.316468489,0.042773277
callao_b_093b_peru_uhslc,-77.15,-12.05,0.205721493,0.05046641
cambridgeii_usa_noaa,-76.068,38.573,0.748203262,0.096954847
"campbellriver,bc_08074_canada_meds",-125.25,50.042,0.654398068,0.102940714
cananeia_281a_brazil_uhslc,-47.925,-25.017,0.755505544,0.124781887
"canavieiras,uscgs_707a_brazil_uhslc",-38.967,-15.667,0.329738392,0.063159352
"capehatteras,u.s.a._001_glossdm_bodc",-75.635,35.223,0.612599726,0.111607108
capemay_usa_noaa,-74.96,38.968,0.768142461,0.102511421
cape_ferguson_343a_australia_uhslc,147.06,-19.277,0.698569519,0.062396852
"cape_may,nj_746a_usa_uhslc",-74.96,38.968,0.770513721,0.101312518
cape_town_704a_south_africa_uhslc,18.433,-33.9,0.763642823,0.061459079
carloforte_carloforte_italy_idromare,8.3095,39.148,0.749153105,0.049839216
carnarvon_008_australia_johnhunter,113.66,-24.884,0.699226519,0.071032814
cartagena_b_265b_colombia_uhslc,-75.533,10.383,0.30717014,0.041486855
cascais_209a_portugal_uhslc,-9.4167,38.692,0.711890293,0.056068958
casey_130a_australia_uhslc,110.53,-66.283,0.710534632,0.074277749
castletownsend_835a_ireland_uhslc,-9.1833,51.533,0.75377033,0.084392346
catalina_b_313b_usa_uhslc,-118.48,33.45,0.384752481,0.063373508
catania_catania_italy_idromare,15.094,37.498,0.014588172,0.071834402
cayenne_227a_france_uhslc,-52.283,4.85,0.529461844,0.040946318
cebu_379a_philippines_uhslc,123.92,10.3,0.314473519,0.039557243
cedarkeyii_usa_noaa,-83.032,29.135,0.762421038,0.103156689
cedros_island_305a_mexico_uhslc,-115.18,28.1,0.333857476,0.04950078
celestun_861a_mexico_uhslc,-90.403,20.858,0.492650058,0.104491741
cendering_320a_malaysia_uhslc,103.18,5.2667,0.623767448,0.069922424
centuri_france_med_refmar,9.3498,42.966,0.724594832,0.064785134
ceuta_ceta_spain_ieo,-5.3167,35.9,0.729890458,0.048224586
chabahar_915a_iran_uhslc,60.603,25.297,0.36199663,0.051632518
champerico_670a_guatemala_uhslc,-91.917,14.3,-0.183145307,0.076044673
charchanga_138a_bangladesh_uhslc,91.05,22.217,0.480044597,0.171097413
"charleston,or_575a_usa_uhslc",-124.32,43.345,0.790839939,0.071397016
"charleston,sc_261a_usa_uhslc",-79.925,32.782,0.709581371,0.09416221
"charlottetown,pei_01700_canada_meds",-63.117,46.233,0.610219131,0.12836041
charlotte_amalie_255a_usa_uhslc,-64.92,18.335,0.306655262,0.035064773
chatham_079a_new_zealand_uhslc,-176.56,-43.947,0.824713174,0.05832811
cherbourg_france_refmar,-1.6355,49.651,0.752822651,0.093595385
chesapeake_bbt_749a_usa_uhslc,-76.113,36.967,0.776844118,0.100657375
chichijima_japan_jma,142.18,27.1,0.47742969,0.060056438
chittagong_124a_bangladesh_uhslc,91.825,22.247,0.498815915,0.118242487
choshigyoko_japan_jma,140.87,35.75,0.761805119,0.054844997
"christiansted,vi_258a_usa_uhslc",-64.705,17.75,0.25617322,0.037064063
christmas_170a_australia_uhslc,105.67,-10.417,-0.361723272,0.081057236
"christmas_b,lineis.kiribati_001_glossdm_bodc",-157.48,1.985,0.151890836,0.042789548
churchill_274a_canada_uhslc,-94.183,58.767,0.663078151,0.130708396
chuuk_054a_fd._st._micronesia_uhslc,151.85,7.45,0.22728022,0.041193003
cilicap_b_162b_indonesia_uhslc,109.02,-7.7517,0.328807426,0.099090159
ciudad_del_carmen_779a_mexico_uhslc,-91.833,18.533,0.52830143,0.079521885
civitavecchia_civitavecchia_italy_idromare,11.79,42.094,0.741850784,0.0541367
"clearwater_bch,fl_773a_usa_uhslc",-82.832,27.977,0.730883403,0.078309115
"cocoa_beach,_fl_754a_usa_uhslc",-80.6,28.368,0.691023059,0.075695844
cocos_171a_australia_uhslc,96.883,-12.117,0.183800656,0.05985649
colombo_c_115c_sri_lanka_uhslc,79.85,6.9333,0.363567635,0.047951789
concarneau_france_refmar,-3.9072,47.874,0.76025479,0.092102311
cordemais_france_refmar,-1.8898,47.277,0.648187732,0.166534285
"cordova_b,alaska_583b_usa_uhslc",-145.75,60.558,0.780787245,0.096364217
corinto_679a_nicaragua_uhslc,-87.117,12.283,0.507982161,0.059042569
"corpus_cristi,tx_770a_usa_uhslc",-97.217,27.58,0.691884506,0.081662861
coruna_coru_spain_ieo,-8.4,43.367,0.751679976,0.073401838
cox_s_bazaar_136a_bangladesh_uhslc,91.833,21.45,0.376575104,0.195975161
"crescent_city,ca_556a_usa_uhslc",-124.18,41.745,0.764650825,0.071685393
cristobal_266a_panama_uhslc,-79.915,9.355,0.391891976,0.033525193
cromer_p183_uk_bodc,1.3016,52.934,0.673781271,0.172396345
crotone_crotone_italy_idromare,17.137,39.082,0.672837316,0.059637398
crozet_b_178b_france_uhslc,51.87,-46.425,0.627429704,0.058154307
"culebra,_pr_219a_usa_uhslc",-65.302,18.3,0.25733059,0.032392699
currimao_654a_philippines_uhslc,120.49,17.988,0.46955144,0.052935095
cuxhaven_germany_bsh,8.7167,53.867,0.816468538,0.234233413
dakar_e_223e_senegal_uhslc,-17.43,14.667,0.376459585,0.049477145
dalian_a_630a_china_uhslc,121.66,38.925,0.69643631,0.111155388
dallmann_c_682c_unconfirmed_uhslc,-58.683,-62.233,0.776804562,0.085500653
darwin_009_australia_johnhunter,130.85,-12.467,0.30999189,0.090868685
dar_es_salaam_102a_tanzania_uhslc,39.288,-6.82,0.088448334,0.090532001
"dauphin_island,_al_763a_usa_uhslc",-88.075,30.25,0.783798627,0.076123162
davao_b_372b_philippines_uhslc,125.63,7.0833,0.173607966,0.038471936
"davis,australia_001_glossdm_bodc",78.5,-68,0.698424261,0.068809752
davis_173a_australia_uhslc,77.967,-68.45,0.71530507,0.068036136
degerby_001_finland_fmi,20.385,60.032,0.531758899,0.121319329
delfzijl_del_nl_rws,6.9331,53.326,0.806104121,0.216843989
denhelder_hel_nl_rws,4.7464,52.965,0.816987932,0.160133549
devonport_p002_uk_bodc,-4.1852,50.368,0.764075528,0.08386116
"diegogarcia_d,uk_001_glossdm_bodc",72.433,-7.2333,0.293907519,0.043690902
"diegoramirez,chile_001_glossdm_bodc",-68.667,-56.558,0.595689227,0.139798027
diego_garcia_d_104d_united_kingdom_uhslc,72.433,-7.2333,0.240952671,0.042242304
diego_ramirez_599a_chile_uhslc,-68.715,-56.508,0.707368137,0.110808971
dieppe_france_refmar,1.0845,49.929,0.703115808,0.128531329
djibouti_119a_djibouti_uhslc,43.14,11.608,0.39704503,0.035018927
donges_france_refmar,-2.0883,47.306,0.776665699,0.114782131
dongfang_637a_china_uhslc,108.62,19.1,0.580942539,0.068485295
dover_p012_uk_bodc,1.3181,51.117,0.735735428,0.122827827
draghallan_002_sweden_smhi,17.533,62.367,0.503828372,0.125146742
"duck_pier,nc_260a_usa_uhslc",-75.74,36.183,0.777633794,0.094820014
dumont_d_urville_189a_france_uhslc,140.01,-66.662,0.672353635,0.07548569
dunkerque_france_refmar,2.3667,51.048,0.735502207,0.150275202
durban_181a_south_africa_uhslc,31.05,-29.867,0.467588788,0.07583357
"dutch_harbor_b,ak_041b_usa_uhslc",-166.54,53.88,0.785473816,0.081859565
dzaoudi_155a_mayotte_uhslc,45.257,-12.78,-0.047149058,0.073860046
easter_c_022c_chile_uhslc,-109.45,-27.15,0.52819325,0.063507115
"eastport,me_740a_usa_uhslc",-66.985,44.903,0.639336881,0.099782018
east_london_187a_south_africa_uhslc,27.917,-33.017,0.712947872,0.081153185
el_hierro_elhierro_spain_pde,-17.9,27.78,0.6653522,0.033124273
enewetok_b_006b_rep._of_marshall_i_uhslc,162.39,11.43,0.251302537,0.039530517
ensenada_317a_mexico_uhslc,-116.63,31.85,0.464475026,0.046822778
esbjerg_130121_denmark_dmi,8.4333,55.467,0.821509459,0.219748223
esmeraldas_098a_ecuador_uhslc,-79.647,0.9917,0.199832371,0.061455008
esperance_010_australia_johnhunter,121.89,-33.861,0.808452886,0.075630687
"esperanza,argentina_001_glossdm_bodc",-56.995,-63.395,0.752274946,0.083161898
"esperanza,_pr_733a_usa_uhslc",-65.47,18.093,0.293427341,0.031093994
"esperence,australia_001_glossdm_bodc",121.9,-33.867,0.815492677,0.073319527
exuma_cays_256a_bahamas_uhslc,-76.105,23.773,0.619744113,0.035979911
"fajardo_b,pr_783b_usa_uhslc",-65.633,18.333,0.351349297,0.033481978
fanning_c_012c_rep._of_kiribati_uhslc,-159.39,3.9067,0.264697887,0.037014918
faraday_700a_united_kingdom_uhslc,-64.267,-65.25,0.754495303,0.084826614
felixstowe_p204_uk_bodc,1.3484,51.957,0.704509182,0.154592451
fer._de_noronha_c_203c_brazil_uhslc,-32.403,-3.8283,0.356939123,0.02303539
fernandina_beach_240a_usa_uhslc,-81.467,30.672,0.734689979,0.115999863
ferrol_ferrol_spain_pde,-8.326,43.463,0.793051007,0.065234352
fishguard_p055_uk_bodc,-4.9833,52.014,0.783416586,0.092714981
"flores,santa_cruz_210a_portugal_uhslc",-31.168,39.378,0.735139891,0.057923139
formentera_formentera_spain_pde,1.4189,38.735,0.728863375,0.052568689
forsmark_003_sweden_smhi,18.211,60.409,0.557433873,0.129836206
fortaleza_c_283c_brazil_uhslc,-38.467,-3.7167,0.158714376,0.051822017
fortdenison_011_australia_johnhunter,151.23,-33.85,0.656217983,0.06096951
fortmyers_usa_noaa,-81.871,26.648,0.716069028,0.079493566
fortpulaski_usa_noaa,-80.902,32.033,0.737457024,0.102758314
fort_denison_333a_australia_uhslc,151.23,-33.85,0.664234638,0.059475252
fort_de_france_271a_france_uhslc,-61.05,14.583,0.175726149,0.037697802
"fort_pulaski,ga_752a_usa_uhslc",-80.902,32.033,0.735720664,0.103155344
fos_sur_mer_france_med_refmar,4.8929,43.405,0.712808671,0.066358298
freeport_usa_noaa,-95.308,28.948,0.736834371,0.086459596
fremantle_012_australia_johnhunter,115.75,-32.053,0.723583176,0.08849708
french_frigate_b_014b_usa_uhslc,-166.29,23.868,0.356053121,0.050676916
fridayharbor_ocean.labs.__usa_noaa,-123.01,48.547,0.801920506,0.075337884
fuerteventura_fuerteventura_spain_pde,-13.85,28.5,0.709870543,0.027303511
fukaura_japan_jma,139.93,40.65,0.721307878,0.062183334
fukue_japan_jma,128.85,32.7,0.535318983,0.060175639
"fulfordharbour,bc_07330_canada_meds",-123.45,48.769,0.661043005,0.09264769
"funafuti,tuvalu_001_glossdm_bodc",179.19,-8.525,0.312510772,0.040490316
funchal_b_218b_portugal_uhslc,-16.907,32.64,0.746528131,0.047469017
furuogrund_004_sweden_smhi,21.231,64.916,0.654480802,0.146776851
"galveston,pier_21_775a_usa_uhslc",-94.79,29.287,0.719591032,0.098796788
gan_109a_rep._of_maldives_uhslc,73.152,-0.6867,0.312414036,0.033783953
gandia_gandia_spain_pde,-0.152,38.995,0.724248593,0.053720844
gedser_837a_denmark_uhslc,11.933,54.567,0.637220308,0.153050282
geelong_013_australia_johnhunter,144.36,-38.147,0.821139799,0.069272752
genova_genova_italy_idromare,8.9253,44.41,0.692071318,0.069095959
georgetown_015_australia_johnhunter,146.85,-41.133,0.688993697,0.091528493
geraldton_014_australia_johnhunter,114.61,-28.773,0.809889122,0.071477983
geting_326a_malaysia_uhslc,102.11,6.2267,0.596555439,0.088242825
gibara_244a_cuba_uhslc,-76.117,21.117,0.281217398,0.055116274
gibraltar_289a_united_kingdom_uhslc,-5.35,36.117,0.676553586,0.053030342
gijon_gijon_spain_pde,-5.698,43.558,0.823065945,0.056885628
gisborne_b_078b_new_zealand_uhslc,178.03,-38.683,0.774710899,0.061747799
gladstone_p234_uk_bodc,-3.018,53.45,0.760959234,0.156116657
gloucesterpoint_usa_noaa,-76.5,37.247,0.760713343,0.0967694
gobo_japan_jma,135.17,33.85,0.519914955,0.078129658
gomera_gomera_spain_pde,-17,28,0.573980266,0.038718529
goteborgtorshamnen_005_sweden_smhi,11.8,57.683,0.815472717,0.108072066
grandisle_usa_noaa,-89.957,29.263,0.745642155,0.066816461
groote_eylandt_145a_australia_uhslc,136.42,-13.86,0.631299291,0.092571231
guadalupe_036a_mexico_uhslc,-118.3,28.883,0.35563007,0.04384409
guam_053a_usa_trust_uhslc,144.65,13.433,0.260445812,0.041077774
guantanamo_bay_b_251b_cuba_uhslc,-75.147,19.907,0.240117211,0.033390091
guaymas_397a_mexico_uhslc,-110.9,27.933,0.409759545,0.058755879
hachinohe_japan_jma,141.53,40.533,0.706691652,0.051774863
haikou_638a_china_uhslc,110.28,20.017,0.617287083,0.080767986
hakodate_japan_jma,140.73,41.783,0.741623286,0.054461976
"halifax,ns_00490_canada_meds",-63.583,44.667,0.575530323,0.101713497
hamada_japan_jma,132.07,34.9,0.682140174,0.061536094
hamina_002_finland_fmi,27.179,60.563,0.640252728,0.162340118
hanasaki_japan_jma,145.57,43.283,0.735802424,0.05904259
hanimaadhoo_b_117b_rep._of_maldives_uhslc,73.167,6.7667,0.295677228,0.041987264
hanko_003_finland_fmi,22.977,59.823,0.596352548,0.126625665
"harvest_oil_p.,ca_594a_usa_uhslc",-120.67,34.468,0.589435985,0.03952991
harwich_p022_uk_bodc,1.2845,51.947,0.688070588,0.143695435
heimsjoe_001_norway_statkart,9.1014,63.425,0.75909811,0.099550348
helsinki_004_finland_fmi,24.956,60.154,0.625569871,0.139403366
heysham_p050_uk_bodc,-2.9204,54.032,0.763694256,0.16340959
hillarys_132a_australia_uhslc,115.74,-31.825,0.828799877,0.072796365
"hilo,_hawaii_060a_usa_uhslc",-155.07,19.733,0.353090321,0.04120499
hinkleypoint_p003_uk_bodc,-3.1343,51.215,0.689622598,0.152137891
hiron_point_134a_bangladesh_uhslc,89.467,21.783,0.54629742,0.130312756
hiva_oa_017a_french_polynesia_uhslc,-139.03,-9.81,-0.036080261,0.035124888
hobart_016_australia_johnhunter,147.33,-42.883,0.783352964,0.078102974
hoekvanholla_hvh_nl_rws,4.12,51.977,0.784010955,0.157635183
hofu_japan_jma,131.58,34.033,0.42656256,0.078075907
holyhead_p054_uk_bodc,-4.6312,53.308,0.791653235,0.106851954
hong_kong_b_329b_china_uhslc,114.2,22.3,0.757626836,0.081293823
"honiara,solomonislands_001_glossdm_bodc",159.96,-9.425,0.210727788,0.038959901
honmoku_japan_jma,139.67,35.433,0.542554383,0.078108308
honningsvaag_002_norway_statkart,25.973,70.98,0.736955432,0.089779719
"honolulu_b,hawaii_057b_usa_uhslc",-157.86,21.295,0.333233584,0.032679018
hon_dau_b_650b_vietnam_uhslc,106.82,20.667,0.463477871,0.098509244
hornbaek_838a_denmark_uhslc,12.467,56.1,0.803669414,0.12419248
"horta,azores_212a_portugal_uhslc",-28.622,38.533,0.743515312,0.047622095
hosojima_358a_japan_uhslc,131.68,32.417,0.571519277,0.069949071
huelva_huelva_spain_pde,-6.834,37.132,0.777178608,0.053871434
"humboldt_bay,_ca_576a_usa_uhslc",-124.22,40.767,0.78790176,0.055837842
ibiza_ibiza_spain_pde,1.4497,38.911,0.745135766,0.048976161
ile_royale_850a_france_uhslc,-52.585,5.285,0.225881384,0.040200321
ilfracombe_p061_uk_bodc,-4.1109,51.211,0.76594499,0.099553797
"ilha_fiscal,rj_280a_brazil_uhslc",-43.165,-22.897,0.676436936,0.106053293
"ilulissat,greenland_001_glossdm_bodc",-51.1,69.217,0.717709947,0.077530973
imbituba_718a_brazil_uhslc,-48.4,-28.133,0.769602051,0.114086535
immingham_p026_uk_bodc,-0.18603,53.631,0.685144079,0.141890119
imperia_imperia_italy_idromare,8.0188,43.878,0.758838792,0.047511357
irouzaki_japan_jma,138.85,34.617,0.61337696,0.069345817
"isabel_segunda,_pr_732a_usa_uhslc",-65.443,18.152,0.406165449,0.032896019
ishigaki_japan_jma,124.15,24.333,0.483429872,0.063850618
"isladapascua_e,chile_001_glossdm_bodc",-109.45,-27.15,0.595672589,0.057580178
iwasaki_japan_jma,139.92,40.583,0.579416515,0.083723388
"i_royal,anselegoff_851a_france_uhslc",-52.587,5.2883,0.249100298,0.044863178
jackson_403a_new_zealand_uhslc,168.62,-43.983,0.840185623,0.067934954
jakarta_161a_indonesia_uhslc,106.85,-6.1167,0.286540237,0.06884539
johnston_052a_usa_trust_uhslc,-169.53,16.738,0.209041808,0.071674299
johor_baharu_321a_malaysia_uhslc,103.79,1.4617,0.527428419,0.068720176
jolo_373a_philippines_uhslc,121,6.0667,0.290017651,0.031237666
juan_fernandez_b_021b_chile_uhslc,-78.833,-33.622,0.600948124,0.045241708
juneau_usa_noaa,-134.41,58.298,0.771969001,0.091953515
kagoshima_japan_jma,130.57,31.583,0.558819414,0.068563028
kahului_059a_usa_uhslc,-156.47,20.9,0.415221925,0.03322288
kalix_006_sweden_smhi,23.096,65.697,0.678432379,0.162521741
kanmen_a_632a_china_uhslc,121.28,28.088,0.766006302,0.090712
"kanton_b,kiribati_001_glossdm_bodc",-171.72,-2.81,0.223592668,0.036198571
kaohsiung_340a_republic_of_china_uhslc,120.29,22.615,0.489338829,0.05498693
kapingamarangi_029a_fd._st._micronesia_uhslc,154.78,1.0983,0.451180059,0.055196854
karachi_b_147b_pakistan_uhslc,66.967,24.8,0.221229137,0.132208746
kaskinen_005_finland_fmi,21.215,62.344,0.595217522,0.132830961
"kaumalapau,_hi_548a_usa_uhslc",-156.9,20.78,0.282793176,0.025549128
kavieng_068a_papua_new_guinea_uhslc,150.79,-2.585,0.253613459,0.033417085
kawaihae_552a_usa_uhslc,-155.83,20.033,0.261032991,0.038761288
kawasaki_japan_jma,139.75,35.517,0.621745488,0.072995065
keelung_341a_republic_of_china_uhslc,121.75,25.157,0.631710362,0.057328938
kelang_140a_malaysia_uhslc,101.36,3.05,0.395487229,0.072379397
keling_141a_malaysia_uhslc,102.15,2.215,0.31553765,0.054624779
kemi_006_finland_fmi,24.515,65.673,0.693303471,0.170865894
keppel_harbour_327a_singapore_uhslc,103.82,1.2633,0.429192311,0.060847883
kerguelen_001_glossdm_bodc,70.167,-48.858,0.699660495,0.076892466
kerguelen_180a_france_uhslc,70.22,-49.345,0.713891125,0.07697108
"ketchikan,ak_571a_usa_uhslc",-131.63,55.333,0.742629075,0.101359477
"key_west,fl_242a_usa_uhslc",-81.808,24.553,0.449603611,0.051312698
khal_#10_135a_bangladesh_uhslc,91.817,22.267,0.511655857,0.157252558
khepupara_139a_bangladesh_uhslc,89.833,21.833,0.428173374,0.196519742
kingedwardpoint_uk_noc,-36.497,-54.283,0.779375929,0.070757049
kinlochbervi_p918_uk_bodc,-5.0504,58.457,0.815147517,0.113869276
kiptopekebeach_usa_noaa,-75.988,37.165,0.78484431,0.087981225
klagshamn_007_sweden_smhi,12.894,55.522,0.57924067,0.126779111
knysna_186a_south_africa_uhslc,23.033,-32.033,0.806738786,0.078413862
kobe_japan_jma,135.18,34.683,0.604943664,0.076847465
kochi_japan_jma,133.57,33.5,0.549201042,0.077787212
"kodiak_isl.,alaska_039a_usa_uhslc",-152.51,57.732,0.765534194,0.083285353
komatsushima_japan_jma,134.58,34.017,0.574613813,0.074436333
kota_kinabalu_386a_malaysia_uhslc,116.07,5.9833,0.471950967,0.050197068
ko_lak_328a_thailand_uhslc,99.817,11.795,0.509427492,0.101911536
ko_taphao_noi_148a_thailand_uhslc,98.425,7.8317,0.236982976,0.067861096
kuantan_322a_malaysia_uhslc,103.43,3.975,0.574088103,0.06684966
kuchinotsu_japan_jma,130.2,32.6,0.545489248,0.068181762
kukup_325a_malaysia_uhslc,103.44,1.325,0.344094542,0.065134802
kumano_japan_jma,136.17,33.933,0.611029043,0.064959202
kungsholmsfort_008_sweden_smhi,15.589,56.105,0.592847199,0.120877641
kungsvik_009_sweden_smhi,11.127,58.997,0.802119198,0.119838365
kushimoto_japan_jma,135.78,33.467,0.589334516,0.071737722
kushiro_japan_jma,144.38,42.967,0.739626409,0.056331929
kwajalein_055a_rep._of_marshall_i_uhslc,167.73,8.7333,0.239568814,0.035795444
l._cornwallis_i._705a_canada_uhslc,-96.95,75.383,0.717159167,0.066150819
lae_067a_papua_new_guinea_uhslc,146.98,-6.7333,0.370798909,0.033033357
"lagos,_algarve_723a_portugal_uhslc",-8.6683,37.098,0.662953023,0.066152405
lagos_c_233c_nigeria_uhslc,3.45,6.4167,0.096130516,0.063735168
lajolla_scrippspier__usa_noaa,-117.26,32.867,0.499717438,0.042717826
"lameshur_bay,_vi_214a_usa_uhslc",-64.723,18.317,0.338182242,0.028083279
lampedusa_lampedusa_italy_idromare,12.604,35.5,0.58655248,0.072516149
lamu_b_149b_kenya_uhslc,40.903,-2.2717,0.312369244,0.039118458
landsortnorra_010_sweden_smhi,17.865,58.742,0.521067653,0.112969224
langkawi_142a_malaysia_uhslc,99.765,6.4317,0.350407906,0.061161117
laohutan_a_631a_china_uhslc,121.68,38.867,0.706394924,0.104416008
las_palmas_laspalmas_spain_pde,-15.412,28.141,0.733237831,0.028303416
lautoka_402a_fiji_uhslc,177.43,-17.6,0.358337661,0.035677593
la_coruna_830a_spain_uhslc,-8.4,43.367,0.75198827,0.073183108
la_figueirette_france_med_refmar,6.9349,43.483,0.658603391,0.055643705
la_guaira_247a_venezuela_uhslc,-66.933,10.617,0.389470199,0.043753037
"la_jolla,ca_554a_usa_uhslc",-117.26,32.867,0.500121817,0.04241489
la_libertad_091a_ecuador_uhslc,-80.917,-2.2,0.201155291,0.055463578
la_palma_lapalma_spain_pde,-17.768,28.678,0.66002698,0.04191611
la_paz_671a_mexico_uhslc,-110.34,24.162,0.37759859,0.038246777
la_rochelle_la_palli_france_refmar,-1.2206,46.158,0.749415709,0.097683468
la_union_b_086b_el_salvador_uhslc,-87.817,13.333,0.259335198,0.052643594
legaspi_371a_philippines_uhslc,123.75,13.15,0.339411786,0.05234104
leith_p034_uk_bodc,-3.1817,55.99,0.769663054,0.099624629
lembar_419a_indonesia_uhslc,116.07,-8.7317,0.464143407,0.041430445
lerwick_p041_uk_bodc,-1.1333,60.15,0.810584328,0.076085742
les_sables_d_olonne_france_refmar,-1.7935,46.497,0.770776042,0.089031074
"lewes,de_747a_usa_uhslc",-75.12,38.782,0.788709377,0.104925428
le_conquet_france_refmar,-4.7807,48.359,0.782489992,0.083243082
le_crouesty_france_refmar,-2.8952,47.543,0.783805614,0.088991217
le_havre_france_refmar,0.106,49.482,0.732386545,0.116473243
le_pellerin_france_refmar,-1.7651,47.205,0.46399163,0.280314744
le_robert_270a_france_uhslc,-60.933,14.683,0.363040562,0.033041922
lianyungang_639a_china_uhslc,119.42,34.75,0.642523516,0.137281912
limetree_bay_254a_usa_uhslc,-64.753,17.697,0.255325022,0.033027778
limon_b_268b_costa_rica_uhslc,-83.033,10,0.352880292,0.036392994
livorno_livorno_italy_idromare,10.299,43.546,0.338871805,0.079725383
llandudno_p007_uk_bodc,-3.8252,53.332,0.646558271,0.200220934
lobito_237a_angola_uhslc,13.558,-12.333,-0.35309073,0.066285917
lobos_de_afuera_084a_peru_uhslc,-80.717,-6.9333,0.201547534,0.057302713
lombrum_400a_papua_new_guinea_uhslc,147.37,-2.0333,0.221095565,0.034686095
lord_howe_b_399b_australia_uhslc,159.07,-31.517,0.530569522,0.120480968
loreto_319a_mexico_uhslc,-111.37,26.017,0.37289959,0.038727486
"los_angeles,ca_567a_usa_uhslc",-118.27,33.72,0.546807819,0.04063439
"lowerescuminac,nb_02000_canada_meds",-64.883,47.083,0.5668942,0.131404556
lowestoft_p024_uk_bodc,1.7508,52.473,0.733743915,0.149599212
luanda_236a_angola_uhslc,13.237,-8.7867,0.204998609,0.043619812
lubang_655a_philippines_uhslc,120.21,13.82,0.517149934,0.033805936
luderitz_702a_south_africa_uhslc,15.15,-26.65,0.585875133,0.052034478
luis_correia_711a_brazil_uhslc,-41.672,-2.8667,0.176569617,0.0682187
lumut_143a_malaysia_uhslc,100.62,4.2333,0.345528535,0.059747669
lungsurannaga_410a_indonesia_uhslc,117.75,2.1,0.055475359,0.077816935
lusi_a_633a_china_uhslc,121.62,32.133,0.717974629,0.139979713
lyttelton_667a_new_zealand_uhslc,172.72,-43.6,0.801030095,0.0685385
maaloey_003_norway_statkart,5.1133,61.934,0.782501876,0.089795556
macae_719a_brazil_uhslc,-41.467,-22.233,0.639292721,0.09501139
macau_338a_macau_uhslc,113.55,22.167,0.685999613,0.106607141
mackay_018_australia_johnhunter,149.19,-21.143,0.560149432,0.100777421
macquarie_is._c_680c_australia_uhslc,158.97,-54.483,0.685056181,0.098616737
madang_066a_papua_new_guinea_uhslc,145.8,-5.2,0.445130974,0.029938239
madeira_715a_brazil_uhslc,-44.378,-2.565,0.158649349,0.154678686
"madero,tampico_277a_mexico_uhslc",-97.795,22.262,0.460243608,0.07774925
"magueyes_island,pr_246a_usa_uhslc",-67.047,17.972,0.29477109,0.029752579
mahon_mahon_spain_pde,4.2706,39.893,0.740953405,0.052113094
maisaka_japan_jma,137.62,34.683,0.672612254,0.076659648
maizuru_japan_jma,135.38,35.467,0.715397642,0.058034906
"majuro,marshallislands_001_glossdm_bodc",171.37,7.1067,0.199120967,0.043475001
makurazaki_japan_jma,130.3,31.267,0.597528812,0.065395298
malaga_mala_spain_ieo,-4.4167,36.717,0.690959846,0.055004391
malakal_b_007b_republic_of_belau_uhslc,134.46,7.33,0.264291187,0.046248103
"male_b,hulule_108b_rep._of_maldives_uhslc",73.517,4.1833,0.326170823,0.035126105
malin_head_834a_ireland_uhslc,-7.3333,55.367,0.699844301,0.134568773
malmo_030_sweden_smhi,13.033,55.617,0.63966534,0.11499771
"maniitsoq,greenland_001_glossdm_bodc",-52.905,65.413,0.679636859,0.076207
manila_b_370b_philippines_uhslc,120.97,14.583,0.457084199,0.058619017
manta_b_089b_ecuador_uhslc,-80.733,-0.95,0.184524118,0.078139909
mantyluoto_007_finland_fmi,21.463,61.594,0.584164139,0.129700931
manus_065a_papua_new_guinea_uhslc,147.27,-2.0133,0.264758481,0.03579064
"manzanillo_b,mexico_001_glossdm_bodc",-104.33,19.053,0.32843654,0.060728911
maputo_190a_mozambique_uhslc,32.7,-26.167,0.54908812,0.085779098
maputo_b_190b_mozambique_uhslc,32.57,-25.975,0.317047047,0.122420201
marsden_point_398a_new_zealand_uhslc,174.5,-35.833,0.755247135,0.051529021
marseille_france_med_refmar,5.35,43.3,0.776836559,0.064079134
marviken_012_sweden_smhi,16.837,58.554,0.529536339,0.112282319
mar_del_plata_b_729b_argentina_uhslc,-57.55,-38.05,0.751219427,0.185294351
masirah_113a_oman_uhslc,58.872,20.687,0.51339202,0.038063493
"massacre_bay,ak_550a_usa_uhslc",173.2,52.833,0.754092181,0.080138118
matarani_b_094b_peru_uhslc,-72.117,-17,0.179611647,0.056601385
matavai_590a_french_polynesia_uhslc,-149.52,-17.517,0.287564488,0.031056098
matsuyama_japan_jma,132.72,33.867,0.580781707,0.070097513
mawson_177a_australia_uhslc,62.883,-67.6,0.733268608,0.06564318
"mayaguez,_pr_736a_usa_uhslc",-67.16,18.22,0.408071168,0.02939514
"mayport,fl_753a_usa_uhslc",-81.432,30.395,0.737098292,0.08643626
mazatlan_673a_mexico_uhslc,-106.42,23.198,0.367105573,0.061890095
melilla_melilla_spain_pde,-2.918,35.291,0.700753997,0.050107986
meneng_158a_indonesia_uhslc,114.38,-8.1167,0.473876811,0.067865258
mera_japan_jma,139.83,34.917,0.637964616,0.067009018
messina_messina_italy_idromare,15.563,38.196,-0.160607822,0.070580941
"miami,hauloverpier_001_glossdm_bodc",-80.117,25.9,0.403843336,0.073186975
miamibeach_usa_noaa,-80.132,25.768,0.506441316,0.0580789
midway_050a_usa_trust_uhslc,-177.37,28.217,0.617734924,0.062321612
milfordhaven_p056_uk_bodc,-5.0143,51.702,0.780714643,0.100347067
millport_p049_uk_bodc,-4.9058,55.75,0.797726533,0.133273019
minamidaito_japan_jma,131.23,25.867,0.286765297,0.090124013
minamitorishima_japan_jma,153.98,24.3,0.60205281,0.175760377
mina_sulman_182a_bahrain_uhslc,50.6,26.233,0.630223649,0.072884561
miri_388a_malaysia_uhslc,113.97,4.3917,0.461289994,0.047602279
misumi_japan_jma,130.45,32.617,0.555769458,0.070017155
miyakejima_357a_japan_uhslc,139.48,34.067,0.308795001,0.1448994
miyako_japan_jma,141.98,39.65,0.730506262,0.048927395
mocamedes_238a_angola_uhslc,12.145,-15.192,0.35206766,0.033234816
mokuoloe_061a_usa_uhslc,-157.8,21.433,0.402144399,0.035141637
mombasa_101a_kenya_uhslc,39.657,-4.07,0.316521787,0.039979249
monaco_port_hercule_france_med_refmar,7.4215,43.729,0.743993491,0.048882812
"mona_is.,_pr_267a_usa_uhslc",-67.938,18.09,0.243305441,0.055298007
"montauk,ny_279a_usa_uhslc",-71.96,41.048,0.756861974,0.092649253
"monterey,ca_555a_usa_uhslc",-121.89,36.605,0.718296437,0.044018818
montoir_de_bretagne_france_refmar,-2.1084,47.306,0.680198824,0.126654867
morayfirth_p207_uk_bodc,-4.0022,57.599,0.816550998,0.085176507
mossel_bay_185a_south_africa_uhslc,22.133,-34.183,0.787906308,0.083735408
motril_motril_spain_pde,-3.524,36.72,0.696734318,0.047336673
moulmein_906a_myanmar_uhslc,97.622,16.465,0.258597554,0.233019244
mumbles_p932_uk_bodc,-3.9754,51.57,0.763987311,0.112446224
murotomisaki_japan_jma,134.17,33.267,0.566219742,0.074270092
muscat_b_110b_oman_uhslc,58.565,23.628,0.231517795,0.060664954
nagasaki_japan_jma,129.87,32.733,0.569588937,0.060492238
nagoya_japan_jma,136.88,35.083,0.649973565,0.080751402
naha_japan_jma,127.67,26.217,0.539208892,0.052625575
"nain,nf_01430_canada_meds",-61.683,56.55,0.620328984,0.112760552
nakano_shima_345a_japan_uhslc,129.84,29.842,0.387566183,0.08539475
nantes_usine_brulee_france_refmar,-1.5742,47.204,0.396364696,0.341969033
nantucketisland_usa_noaa,-70.097,41.285,0.77760176,0.079798815
naos_b_300b_panama_uhslc,-79.533,8.9167,0.216894719,0.07254131
napier_668a_new_zealand_uhslc,176.92,-39.483,0.801810661,0.056333129
naples_usa_noaa,-81.807,26.13,0.647386598,0.072772765
napoli_napoli_italy_idromare,14.269,40.841,0.718577502,0.050168006
natal_c_202c_brazil_uhslc,-35.195,-5.7517,0.562412473,0.026505348
nauru_001_glossdm_bodc,166.91,-0.5283,0.44787471,0.063899179
nawiliwili_058a_usa_uhslc,-159.36,21.955,0.393736902,0.036824799
naze_359a_japan_uhslc,129.5,28.383,0.513879745,0.054981027
"neah_bay,wa_558a_usa_uhslc",-124.62,48.368,0.791793779,0.082532679
nelson_077a_new_zealand_uhslc,173.27,-41.267,0.7778892,0.063363112
newcastle_019_australia_johnhunter,151.78,-32.926,0.625266014,0.066934888
newhaven_p011_uk_bodc,0.05703,50.782,0.743876812,0.094914924
newlondon_usa_noaa,-72.09,41.361,0.75067851,0.095420277
newlyn_p001_uk_bodc,-5.5417,50.102,0.780526153,0.080132867
"newport,ri_253a_usa_uhslc",-71.327,41.505,0.723165513,0.089065681
newport_p057_uk_bodc,-2.9874,51.55,0.564198949,0.200742629
newport_usa_noaa,-71.327,41.505,0.721143668,0.091022849
"newwestminster,bc_07654_canada_meds",-122.91,49.2,0.527590934,0.163638569
newyork_thebattery__usa_noaa,-74.014,40.701,0.759392588,0.111224329
"new_london,ct_744a_usa_uhslc",-72.087,41.355,0.752107738,0.095027568
"new_york,ny_745a_usa_uhslc",-74.015,40.7,0.754607578,0.110945985
nice_france_med_refmar,7.2853,43.696,0.751487531,0.0493282
nishinoomote_363a_japan_uhslc,131,30.732,0.477287627,0.069956535
"nome,ak_595a_usa_uhslc",-165.43,64.5,0.813296714,0.193771853
norfolk_island_b_062b_australia_uhslc,167.95,-29.067,0.613123835,0.05626662
northshields_p032_uk_bodc,-1.4398,55.007,0.7671251,0.105715634
"northsydney,ns_00612_canada_meds",-60.25,46.217,0.630139548,0.095446951
nosy_be_150a_madagascar_uhslc,48.3,-13.4,0.263990262,0.076870383
noto_japan_jma,137.15,37.5,0.784606131,0.076263407
nouakchott_806a_mauritania_uhslc,-16.037,17.99,0.460451206,0.04466132
noumea_b_019b_france_uhslc,166.44,-22.292,0.657036611,0.04040737
nuku_alofa_038a_tonga_uhslc,-175.2,-21.133,0.387586502,0.041177502
nuku_hiva_031a_french_polynesia_uhslc,-140.08,-8.93,0.207806208,0.031629076
"ny_alesund,norway_001_glossdm_bodc",11.95,78.933,0.732668065,0.069245859
odawara_japan_jma,139.15,35.233,0.528453545,0.071473933
ofunato_japan_jma,141.72,39.067,0.715494838,0.050066552
okada_japan_jma,139.38,34.783,0.636301696,0.059935942
olandsnorraudde_013_sweden_smhi,17.097,57.366,0.572693335,0.117743005
omaezaki_japan_jma,138.22,34.617,0.635141334,0.067653008
onahama_japan_jma,140.9,36.933,0.745424246,0.048786341
ortona_ortona_italy_idromare,14.415,42.356,0.712217009,0.074498992
osaka_japan_jma,135.43,34.65,0.597101296,0.083303491
oskarshamn_014_sweden_smhi,16.478,57.275,0.55358058,0.116998519
oslo_004_norway_statkart,10.734,59.909,0.796131966,0.129692032
otaru_japan_jma,141,43.2,0.752306917,0.060895811
otranto_otranto_italy_idromare,18.497,40.147,0.620148266,0.070891653
oulu_008_finland_fmi,25.418,65.04,0.68268207,0.166776239
oura_japan_jma,130.22,32.983,0.524125082,0.079265176
owase_japan_jma,136.22,34.067,0.648158766,0.066609092
padang_b_107b_indonesia_uhslc,100.37,-1,0.28376121,0.077588922
"pago_bay,_guam_037a_usa_uhslc",144.8,13.428,0.470234294,0.042866568
pago_pago_056a_usa_trust_uhslc,-170.68,-14.283,0.250761717,0.033009107
paimboeuf_france_refmar,-2.0004,47.287,0.659983147,0.13768016
paita_b_678b_peru_uhslc,-81.167,-5.0833,0.163543216,0.075991701
palermo_palermo_italy_idromare,13.371,38.121,0.723652142,0.050082384
palinuro_palinuro_italy_idromare,15.275,40.032,0.684664757,0.05295551
palma_de_mallorca_palmademallorca_spain_pde,2.6375,39.56,0.741872169,0.049655789
palmeira_235a_portugal_uhslc,-22.983,16.755,0.426550198,0.024534488
palmyra_island_043a_proprietary_uhslc,-162.09,5.8833,0.347494834,0.041610152
panama_city_beach_761a_usa_uhslc,-85.88,30.213,0.774074282,0.084161206
papeete_b_015b_french_polynesia_uhslc,-149.57,-17.532,0.384866963,0.034022478
pari_159a_indonesia_uhslc,106.62,-5.85,0.417761877,0.060932224
"patriciabay,bc_07277_canada_meds",-123.45,48.654,0.656931906,0.092916618
pemba_c_192c_mozambique_uhslc,40.5,-12.967,0.442887274,0.067881506
penang_144a_malaysia_uhslc,100.35,5.4217,0.354369378,0.063641021
penrhyn_024a_cook_islands_uhslc,-158.05,-8.9767,0.278349635,0.041664525
"pensacola,fl_762a_usa_uhslc",-87.213,30.403,0.795060551,0.065983013
"penuelas,_pr_243a_usa_uhslc",-66.762,17.972,0.29753802,0.03793687
peter___paul_rocks_201a_brazil_uhslc,-29.343,0.92,0.163274734,0.026347822
philadelphia_pier9n__usa_noaa,-75.142,39.933,0.698101046,0.131893836
pietarsaari_009_finland_fmi,22.69,63.709,0.652243386,0.139344098
pisco_b_683b_peru_uhslc,-76.133,-13.417,0.155440839,0.062827314
pohnpei_c_001c_fd._st._micronesia_uhslc,158.23,6.9833,0.150585491,0.053387382
"pointatkinson,bc_07795_canada_meds",-123.25,49.337,0.659951176,0.100973337
pointe_a_pitre_272a_france_uhslc,-61.533,16.233,0.206746181,0.036191596
pointe_noire_b_234b_congo_uhslc,11.85,-4.8,0.229229885,0.050209695
"pointlarue,seychelles_001_glossdm_bodc",55.528,-4.6717,0.199991063,0.049210647
point_fortin_728a_trinidad_and_tobago_uhslc,-61.417,10.1,0.295226322,0.049665678
ponta_delgada_211a_portugal_uhslc,-25.672,37.735,0.779178918,0.041201947
"port_aux_basques,nf_00665_canada_meds",-59.133,47.567,0.590928644,0.099761787
port_bloc_france_refmar,-1.0616,45.569,0.781717591,0.08273736
port_camargue_france_med_refmar,4.1264,43.52,0.795105383,0.078624389
port_tudy_france_refmar,-3.4459,47.644,0.76834054,0.082417854
port_vendres_france_med_refmar,3.1075,42.52,0.762634082,0.059334814
portadelaideouter_020_australia_johnhunter,138.6,-34.926,0.817095596,0.131857226
portbury_p341_uk_bodc,-2.7285,51.5,0.517150289,0.197750023
"portelizabeth,southafrica_001_glossdm_bodc",25.63,-33.96,0.762461943,0.076705488
portellen_p202_uk_bodc,-6.1901,55.627,0.812363457,0.116474716
porterin_p919_uk_bodc,-4.7681,54.085,0.79595553,0.110464257
"porthardy,bc_08408_canada_meds",-127.49,50.722,0.654927216,0.090594533
porthedland_022_australia_johnhunter,118.58,-20.314,0.549751983,0.080852719
portisabel_usa_noaa,-97.215,26.06,0.670377733,0.072523182
"portland,me_252a_usa_uhslc",-70.247,43.657,0.694182093,0.094874999
"portland,s.aus._129a_australia_uhslc",141.6,-38.333,0.818607233,0.064777901
portland_maine__usa_noaa,-70.247,43.657,0.702266014,0.094056599
portlincoln_023_australia_johnhunter,135.86,-34.72,0.837397064,0.089683879
portlonsdale_017_australia_johnhunter,138.5,-35.099,0.811369633,0.077554255
"portlouis_c,mauritius_001_glossdm_bodc",57.49,-20.153,0.263069277,0.056905894
portmansfield_usa_noaa,-97.422,26.555,0.563048651,0.082080823
"portogrande,capeverde_001_glossdm_bodc",-24.983,16.867,0.510885489,0.022411076
porto_empedocle_porto+empedocle_italy_idromare,13.527,37.286,0.388798282,0.07611257
porto_grande_216a_portugal_uhslc,-24.983,16.867,0.51753903,0.022438287
porto_torres_porto+torres_italy_idromare,8.4039,40.842,0.752774117,0.047819546
portpatrick_p063_uk_bodc,-5.12,54.843,0.801681236,0.116149908
portpirie_024_australia_johnhunter,138.01,-33.177,0.771781267,0.170085204
portrush_p935_uk_bodc,-6.6568,55.207,0.805555115,0.106381349
portsanluis_usa_noaa,-120.76,35.177,0.597005905,0.051569542
portsmouth_p008_uk_bodc,-1.1118,50.803,0.727741808,0.09517593
"portvictoria_b,seychelles_001_glossdm_bodc",55.458,-4.6217,0.10393265,0.042843088
"portvila_b,vanuatu_001_glossdm_bodc",168.32,-17.733,0.324633336,0.042534939
port_allen_553a_usa_uhslc,-159.6,21.9,0.384798815,0.039855264
"port_angeles,_wa_584a_usa_uhslc",-123.44,48.125,0.786178891,0.079501027
"port_canaveral,_fl_774a_usa_uhslc",-80.593,28.415,0.650526602,0.077045982
port_chalmers_669a_new_zealand_uhslc,170.65,-45.817,0.840240395,0.058722015
port_elizabeth_184a_south_africa_uhslc,25.63,-33.96,0.782936825,0.072727265
port_ferreol_france_med_refmar,6.7176,43.359,0.64649958,0.058558926
port_hedland_169a_australia_uhslc,118.58,-20.318,0.544656655,0.066385909
"port_isabel,tx_772a_usa_uhslc",-97.215,26.06,0.666286051,0.07140347
port_kembla_342a_australia_uhslc,150.91,-34.473,0.716735759,0.054329949
port_louis_c_103c_mauritius_uhslc,57.49,-20.153,0.247799448,0.052197459
port_moresby_064a_papua_new_guinea_uhslc,147.14,-9.4783,0.29652488,0.045829827
port_nolloth_701a_south_africa_uhslc,16.867,-29.25,0.61519923,0.064092984
port_of_spain_248a_trinidad_and_tobago_uhslc,-61.517,10.65,0.245170714,0.04463141
"port_orford,_or_557a_usa_uhslc",-124.5,42.74,0.788892833,0.075310743
port_royal_782a_jamaica_uhslc,-76.85,17.933,0.265519605,0.033286084
"port_san_luis,_ca_565a_usa_uhslc",-120.76,35.177,0.588282332,0.051240477
port_sonara_816a_cameroon_uhslc,9.1267,-4.0067,0.187826273,0.044293561
port_stanley_a_290a_united_kingdom_uhslc,-57.867,-52.7,0.735484128,0.071306388
port_stanley_b_290b_united_kingdom_uhslc,-57.933,-51.75,0.805800075,0.064351616
port_stanvac_100a_australia_uhslc,138.47,-35.108,0.847727197,0.109825934
port_victoria_b_111b_seychelles_uhslc,55.458,-4.6217,0.105472777,0.0431072
port_vila_b_046b_vanuatu_uhslc,168.32,-17.733,0.318147129,0.039834698
"praia_c,cape_verde_222c_portugal_uhslc",-23.5,14.917,-0.042501403,0.032489271
praslin_106a_seychelles_uhslc,55.767,-4.3433,-0.140705047,0.041411524
prigi_125a_indonesia_uhslc,111.73,-8.28,0.292321021,0.081925443
"princerupert,bc_09354_canada_meds",-130.33,54.317,0.594740636,0.11528142
"princerupert,canada_001_glossdm_bodc",-130.17,54.317,0.702884608,0.103068856
"progreso_c,_yuc._721c_mexico_uhslc",-89.667,21.283,0.532238924,0.072848959
providence_statepier__usa_noaa,-71.401,41.807,0.681576456,0.107090145
"provideniya_b,russia_001_glossdm_bodc",-173.2,64.4,0.588807574,0.148029236
"prudhoe_bay,_ak_579a_usa_uhslc",-148.53,70.4,0.704273775,0.107973076
pt._la_rue_121a_seychelles_uhslc,55.528,-4.6717,0.191048453,0.040140769
"puertowilliams,chile_001_glossdm_bodc",-67.617,-54.933,0.713283925,0.132597728
puerto_angel_672a_mexico_uhslc,-96.493,15.657,0.18751557,0.065196811
puerto_armuelles_b_304b_panama_uhslc,-82.86,8.2733,0.201403804,0.08239561
puerto_castilla_784a_honduras_uhslc,-86.033,16.017,0.466527908,0.04278648
puerto_cortes_b_780b_honduras_uhslc,-87.95,15.833,0.345659949,0.038215599
puerto_deseado_b_286b_argentina_uhslc,-65.917,-47.75,0.568419704,0.177431176
puerto_de_la_luz_pluz_spain_ieo,-15.417,28.133,0.571229996,0.054803294
puerto_madero_318a_mexico_uhslc,-92.433,14.717,0.315648444,0.061339752
puerto_madryn_731a_argentina_uhslc,-65.032,-38.763,0.55467578,0.199188904
puerto_montt_684a_chile_uhslc,-72.967,-41.483,0.610976947,0.093047018
puerto_moreles_860a_mexico_uhslc,-86.867,20.868,0.337190713,0.057517367
puerto_plata_777a_dominica_republic_uhslc,-70.702,19.798,0.546223289,0.036676943
puerto_princesa_380a_philippines_uhslc,118.73,9.75,0.206113412,0.043254089
puerto_quetzal_301a_guatemala_uhslc,-90.785,13.922,0.249003393,0.171219527
puntarenas_396a_costa_rica_uhslc,-84.833,9.9667,0.229235978,0.055798339
punta_cana_776a_dominica_republic_uhslc,-68.375,18.505,0.539925887,0.035637694
"qaqortoq,greenland_001_glossdm_bodc",-46.033,60.717,0.697631124,0.093040006
"queencharlottecity,bc_09850_canada_meds",-132.07,53.252,0.556252772,0.1067098
"quepos,costarica_001_glossdm_bodc",-84.167,9.4,0.178501392,0.057084034
qui_nhon_b_381b_vietnam_uhslc,109.25,13.767,0.605793487,0.059862975
raahe_010_finland_fmi,24.407,64.666,0.675323505,0.152748462
"rabaul,papuanewguinea_001_glossdm_bodc",152.18,-4.2,0.322212735,0.032229855
"rarotonga,cookislands_001_glossdm_bodc",-159.78,-21.207,0.376882708,0.052816654
ratan_015_sweden_smhi,20.895,63.986,0.646670669,0.136970042
rauma_011_finland_fmi,21.426,61.133,0.576721377,0.128114269
ravenna_ravenna_italy_idromare,12.283,44.492,0.718690482,0.089942071
"recife,uscgs_712a_brazil_uhslc",-34.867,-8.05,0.192289743,0.046998114
reedypoint_usa_noaa,-75.573,39.558,0.743021251,0.114743249
reggio_calabria_reggio+calabria_italy_idromare,15.649,38.121,0.639214184,0.058181735
reihoku_japan_jma,130.03,32.467,0.431246442,0.063361978
reunion_164a_france_uhslc,55.285,-20.935,0.180301783,0.052603713
reykjavik_iceland_coastguard,-21.933,64.15,0.661507085,0.114044155
richard_s_bay_188a_south_africa_uhslc,32.083,-28.8,0.461676951,0.090623412
rikitea_016a_french_polynesia_uhslc,-134.95,-23.125,0.48462096,0.039546697
ringhals_016_sweden_smhi,12.113,57.25,0.806253433,0.104660077
"rio_de_janeiro,cg_709a_brazil_uhslc",-43.133,-22.933,0.62690534,0.104425899
rio_grande_714a_brazil_uhslc,-52.103,-32.138,0.647348103,0.137994623
"rockport,_tx_769a_usa_uhslc",-97.047,28.022,0.693177614,0.074472644
rodrigues_105a_mauritius_uhslc,63.418,-19.668,0.272670739,0.061873892
roervik_005_norway_statkart,11.23,64.859,0.767416103,0.096486261
roscoff_france_refmar,-3.9657,48.718,0.726342644,0.091261273
rosslyn_bay_330a_australia_uhslc,150.79,-23.162,0.583635563,0.063903121
rothera_uk_noc,-68.133,-67.567,0.768377879,0.077935059
s.cruz_d._palma_d_206d_spain_uhslc,-17.75,28.683,0.515865658,0.054143688
sabang_123a_indonesia_uhslc,95.317,5.8883,0.24222522,0.091084906
"sabine_pass_n,tx_766a_usa_uhslc",-93.87,29.73,0.726478997,0.09365541
sado_japan_jma,138.52,38.317,0.682771923,0.058338737
sagunto_sagunto_spain_pde,-0.206,39.634,0.719469828,0.053815628
saigo_japan_jma,133.33,36.2,0.651489569,0.055050753
saiki_japan_jma,131.97,32.95,0.484589291,0.069289665
saint_gildas_france_refmar,-2.2464,47.14,0.754252801,0.097093371
saint_jean_de_luz_so_france_refmar,-1.6816,43.395,0.770381679,0.061921606
saint_malo_france_refmar,-2.0281,48.641,0.71584874,0.101736003
saint_nazaire_france_refmar,-2.2016,47.267,0.776055619,0.105007917
"saintjohn,nb_00065_canada_meds",-66.063,45.251,0.418680007,0.132427471
saint_paul_179a_france_uhslc,77.538,-38.712,0.698950882,0.071718072
saipan_b_028b_n._mariana_islands_uhslc,145.74,15.227,0.400401175,0.046637225
sakai_japan_jma,133.25,35.55,0.728188108,0.06110402
salalah_114a_oman_uhslc,54,16.933,0.46524313,0.040205518
saldahna_bay_703a_south_africa_uhslc,17.95,-33.017,0.694146404,0.069280928
salerno_salerno_italy_idromare,14.768,40.672,0.675834706,0.059736648
salina_cruz_394a_mexico_uhslc,-95.203,16.16,0.539904225,0.071975614
salvador_b_708b_brazil_uhslc,-38.517,-12.967,0.372693294,0.042465188
sandakan_389a_malaysia_uhslc,118.07,5.81,0.358232514,0.054053831
sandiego_quarantinestation__usa_noaa,-117.17,32.715,0.566184727,0.041765344
sandyhook_usa_noaa,-74.009,40.467,0.745927228,0.118366401
"sand_point,ak_574a_usa_uhslc",-160.5,55.337,0.769748336,0.099823696
"sanfelix,chile_001_glossdm_bodc",-80.133,-26.283,0.304966864,0.041648213
sanfrancisco_usa_noaa,-122.47,37.807,0.703997771,0.054220978
"sanjuan,puertorico,usa_001_glossdm_bodc",-66.117,18.467,0.438991008,0.033257029
"santacruz,galapagos,ecuador_001_glossdm_bodc",-90.312,-0.7533,0.240269668,0.04348054
santamonica_municipalpier__usa_noaa,-118.5,34.008,0.538280191,0.039681639
santana_ssn_b_717b_brazil_uhslc,-51.18,-0.0567,0.151441727,0.221311025
santander_ieo_spain,-3.79,43.461,0.757027873,0.066944149
"santa_barbara,_ca_577a_usa_uhslc",-119.69,34.408,0.489317101,0.04673142
santa_cruz_030a_ecuador_uhslc,-90.313,-0.755,0.262067729,0.03933552
"santa_monica,_ca_578a_usa_uhslc",-118.5,34.008,0.494703596,0.05112771
san_andres_737a_colombia_uhslc,-81.7,12.583,0.292094448,0.05323794
san_carlos_674a_mexico_uhslc,-112.12,24.79,0.32262108,0.0508323
san_diego_569a_usa_uhslc,-117.17,32.713,0.553440605,0.041405642
san_felipe_307a_mexico_uhslc,-114.82,31.018,0.361776526,0.068142178
san_felix_035a_chile_uhslc,-80.108,-26.292,0.338535131,0.041047731
"san_francisco,ca_551a_usa_uhslc",-122.47,37.807,0.690784293,0.053470606
san_jose_675a_guatemala_uhslc,-90.833,13.917,0.202361795,0.062100308
"san_juan,pr_245a_usa_uhslc",-66.117,18.46,0.340383977,0.034758064
san_juan_b_096b_peru_uhslc,-75.2,-15.367,0.152488521,0.067702589
san_quintin_308a_mexico_uhslc,-115.98,30.483,0.621013015,0.040162519
sao_tome_225a_sao_tome_principe_uhslc,6.5133,0.0167,0.038377983,0.050234251
saumlaki_420a_indonesia_uhslc,131.29,-7.9817,0.434844874,0.02551902
scott_base_663a_new_zealand_uhslc,166.75,-77.85,0.742033606,0.059524962
seattle_usa_noaa,-122.34,47.603,0.786778963,0.073294534
seaveyisland_usa_noaa,-70.742,43.08,0.605929457,0.086140183
sedili_324a_malaysia_uhslc,104.11,1.9317,0.560222202,0.07086797
seldovia_usa_noaa,-151.72,59.44,0.764446254,0.09951461
sete_france_med_refmar,3.6991,43.398,0.790085512,0.066884637
settlement_point_b_257b_bahamas_uhslc,-78.997,26.71,0.476506317,0.048598697
"seward_c,ak_560c_usa_uhslc",-149.43,60.12,0.802870402,0.089967454
"sewellspoint,hamptonroads_usa_noaa",-76.33,36.947,0.780257423,0.10253133
shanwei_641a_china_uhslc,115.35,22.75,0.754590139,0.084186276
sheerness_p015_uk_bodc,0.74306,51.442,0.656407052,0.174177737
shijiusuo_642a_china_uhslc,119.55,35.383,0.667654863,0.109703631
shimizuminato_japan_jma,138.52,35.017,0.639136865,0.065171414
shimokita_japan_jma,141.23,41.367,0.729213448,0.053738564
shimonoseki_japan_jma,130.93,33.933,0.619834622,0.058470994
shirahama_japan_jma,135.38,33.683,0.569508664,0.073707024
sibolga_b_122b_indonesia_uhslc,98.767,1.75,0.285205099,0.064573833
"siboney,cuba_001_glossdm_bodc",-82.472,23.092,0.376905053,0.120680773
simon_s_town_221a_south_africa_uhslc,18.433,-34.183,0.712506577,0.060760296
simrishamn_017_sweden_smhi,14.358,55.557,0.574882279,0.128640003
"sisimiut,greenland_001_glossdm_bodc",-53.667,66.933,0.660256695,0.094508558
"sitka,ak_559a_usa_uhslc",-135.34,57.052,0.792254875,0.082646168
skagsudde_018_sweden_smhi,19.012,63.191,0.552372864,0.130937462
skagway_usa_noaa,-135.33,59.45,0.760806831,0.104822056
skanor_019_sweden_smhi,12.829,55.417,0.550683322,0.144854273
smogen_020_sweden_smhi,11.218,58.354,0.803390182,0.109338564
socorro_090a_mexico_uhslc,-111.02,18.733,0.356238241,0.081061271
solenzara_france_med_refmar,9.4038,41.857,0.71277026,0.054469925
solomonsisland_biol.lab.__usa_noaa,-76.452,38.317,0.758028371,0.088631419
"southcaicos,u.k._001_glossdm_bodc",-72,22,0.472421111,0.144033325
"south_beach,or_592a_usa_uhslc",-124.04,44.625,0.795667063,0.083017294
south_caicos_720a_uk_uhslc,-71.533,21.483,0.54536655,0.104312022
"south_pass,_la_764a_usa_uhslc",-89.14,28.99,0.661639869,0.072811587
spikarna_021_sweden_smhi,17.531,62.363,0.568798471,0.126885216
split_spli_croatia_eseas,16.442,43.507,0.565854297,0.097797083
springmaidpier_usa_noaa,-78.918,33.655,0.701194936,0.091908365
spring_bay_335a_australia_uhslc,147.93,-42.55,0.839267772,0.058538551
"st.croix,_akalimetreebay__001_glossdm_bodc",-64.753,17.697,0.296142555,0.036204431
"st.johns,nf_00905_canada_meds",-52.717,47.567,0.673302286,0.10062287
st.paulisland_001_glossdm_bodc,77.583,-38.717,0.682024147,0.067796712
st.petersburg_usa_noaa,-82.627,27.761,0.761012385,0.073761722
"st._augustine,fl_262a_usa_uhslc",-81.262,29.857,0.724195798,0.091150682
st._helena_292a_united_kingdom_uhslc,-5.7167,-15.917,0.260600274,0.022614677
st._john_s_b_276b_canada_uhslc,-52.7,47.567,0.722043245,0.095460796
"st._petersburg,_fl_759a_usa_uhslc",-82.627,27.76,0.757524157,0.074086805
stanley_uk_noc,-57.821,-51.692,0.809252682,0.063515947
stenungsund_022_sweden_smhi,11.832,58.093,0.796360578,0.122320501
"steveston,bc_07607_canada_meds",-123.18,49.125,0.631638545,0.106376359
sthelena_uk_noc,-5.7178,-15.921,0.259191961,0.022634789
sthelier_p074_uk_bodc,-2.1167,49.183,0.758734327,0.098849973
stmarys_p231_uk_bodc,-6.3164,49.918,0.807610025,0.070512211
stockholm_826a_sweden_uhslc,18.082,59.324,0.510867439,0.117431902
stornoway_p042_uk_bodc,-6.3882,58.208,0.818601293,0.095086439
suape_710a_brazil_uhslc,-34.95,-8.35,0.343199976,0.080332359
subic_bay_382a_philippines_uhslc,120.25,14.765,0.479670519,0.035481976
sumoto_japan_jma,134.9,34.35,0.600990967,0.072526119
surabaya_160a_indonesia_uhslc,112.72,-7.2083,0.243010494,0.099533123
"suva,fiji_001_glossdm_bodc",178.43,-18.132,0.501543833,0.042834256
"syowa,_antarctica_127a_japan_uhslc",39.6,-69,0.655394163,0.07064709
takamatsu_japan_jma,134.05,34.35,0.612002454,0.07171947
takoradi_c_231c_ghana_uhslc,-1.75,4.8833,0.201818643,0.050373884
talara_b_092b_peru_uhslc,-81.282,-4.5817,0.164100476,0.063468497
tanegashima_japan_jma,130.97,30.467,0.58061571,0.068894163
tanjong_pagar_699a_singapore_uhslc,103.85,1.2617,0.464473523,0.063265156
tannowa_japan_jma,135.18,34.333,0.596617075,0.072851874
taranaki_076a_new_zealand_uhslc,174.03,-39.05,0.82826102,0.059914482
taranto_taranto_italy_idromare,17.225,40.475,0.655654148,0.065699867
"tarawa_c_betio_,kiribati_001_glossdm_bodc",172.94,1.3583,0.239170897,0.044506323
tarifa_tari_spain_ieo,-5.6,36,0.634244968,0.060387463
tauranga_073a_new_zealand_uhslc,176.18,-37.65,0.797234519,0.047715164
tawau_385a_malaysia_uhslc,117.88,4.2333,0.210387502,0.045392896
teknaf_137a_bangladesh_uhslc,92.3,20.883,0.577403551,0.100821582
"telchac,_yuk._862a_mexico_uhslc",-89.308,21.34,0.58259482,0.07137442
tenerife_tenerife_spain_pde,-16.24,28.478,0.712400661,0.029038455
termisa_284a_brazil_uhslc,-37.05,-4.8167,0.015215465,0.037984954
thevenard_026_australia_johnhunter,133.65,-32.146,0.807928131,0.12350459
timaru_665a_new_zealand_uhslc,171.25,-44.383,0.804878142,0.07405949
tinian_698a_n._mariana_islands_uhslc,145.62,14.96,0.314665775,0.056783548
tioman_323a_malaysia_uhslc,104.14,2.8067,0.572795254,0.065227505
toba_japan_jma,136.85,34.467,0.623788559,0.075531676
tobermory_p223_uk_bodc,-6.0642,56.623,0.802678675,0.117679735
"tofino,bc_08615_canada_meds",-125.91,49.154,0.641712087,0.102664895
tokyo_japan_jma,139.77,35.65,0.64750779,0.080253666
topolobampo_676a_mexico_uhslc,-109.05,25.6,0.37360413,0.066683327
tosashimizu_japan_jma,132.97,32.783,0.575782863,0.072263236
toulon_france_med_refmar,5.9131,43.117,0.717923207,0.053406618
townsville_025_australia_johnhunter,146.83,-19.25,0.605624399,0.087062882
toyama_japan_jma,137.23,36.767,0.663746812,0.056152742
tregde_006_norway_statkart,7.5666,58,0.75656901,0.089013206
trieste_270061_italy_itt,13.75,45.65,0.771946438,0.089555862
"truk,fed.micronesia_001_glossdm_bodc",151.85,7.45,0.225898716,0.040885711
tsushima_japan_jma,129.32,34.267,0.537826005,0.0549038
tsushimahitakatsu_japan_jma,129.48,34.65,0.490657785,0.052879372
tumaco_303a_colombia_uhslc,-78.73,1.8167,0.11530387,0.096018445
turku_012_finland_fmi,22.101,60.428,0.590004287,0.130430045
uchiura_japan_jma,138.88,35.017,0.634531043,0.067465071
ullapool_p043_uk_bodc,-5.1579,57.895,0.80980176,0.111195969
unalaska_usa_noaa,-166.54,53.88,0.784167313,0.08128241
uno_japan_jma,133.95,34.483,0.619639536,0.073542255
uragami_japan_jma,135.9,33.567,0.642218115,0.067095777
ushuaia_600a_argentina_uhslc,-68.217,-54.817,0.800220799,0.109924506
uwajima_japan_jma,132.55,33.233,0.56940039,0.064975664
vaasa_013_finland_fmi,21.571,63.081,0.605426993,0.134745734
"valdez,ak_562a_usa_uhslc",-146.36,61.125,0.797096265,0.087916784
valencia_valencia_spain_pde,-0.33,39.46,0.730535636,0.051223477
vallarta_393a_mexico_uhslc,-105.25,20.615,0.312020157,0.065335124
valparaiso_081a_chile_uhslc,-71.633,-33.033,0.373109731,0.048377164
"vancouver,bc_07735_canada_meds",-123.11,49.287,0.668974944,0.09808264
varberg1_024_sweden_smhi,12.217,57.1,0.787932666,0.106613742
"vardo,norway_001_glossdm_bodc",31.1,70.333,0.706486808,0.098837433
venezia_punta_salute_italy_comune_venezia,12.426,45.419,0.766937876,0.085919784
"veracruz_b,ver._250b_mexico_uhslc",-96.133,19.2,0.622579206,0.058673368
vernadsky_a003_uk+ukraine_noc,-64.267,-65.25,0.736949177,0.091351253
victorharbor_027_australia_johnhunter,138.62,-35.553,0.842764982,0.100250767
"victoria,bc_543a_canada_uhslc",-123.37,48.422,0.795785053,0.071819249
"victoriaharbour,bc_07120_canada_meds",-123.37,48.425,0.656871133,0.090116047
victoria_dock_337a_singapore_uhslc,103.82,1.2633,0.4926269,0.062443132
vigo_ieo_spain,-8.7333,42.233,0.772172338,0.070151629
viken_025_sweden_smhi,12.579,56.142,0.794017538,0.111737773
villagarcia_villagarcia_spain_pde,-8.77,42.601,0.791863296,0.072032459
"virginia_key,fl_755a_usa_uhslc",-80.162,25.732,0.484749674,0.063251421
visby_026_sweden_smhi,18.284,57.639,0.499365204,0.109242297
vung_tau_b_383b_vietnam_uhslc,107.07,10.34,0.398375572,0.104406458
wakayama_japan_jma,135.15,34.217,0.586166662,0.073925547
wake_051a_usa_trust_uhslc,166.62,19.283,0.197894031,0.062787469
wakkanai_japan_jma,141.68,45.4,0.759416842,0.061826851
walvis_bay_220a_namibia_uhslc,14.5,-22.95,0.438273429,0.065208946
wanganui_075a_new_zealand_uhslc,174.99,-39.947,0.530110533,0.13183969
washingtondc_usa_noaa,-77.022,38.873,0.699407648,0.131437584
wellington_071a_new_zealand_uhslc,174.78,-41.283,0.80749617,0.057969446
west_port_074a_new_zealand_uhslc,171.6,-41.733,0.682418621,0.096527838
wewak_063a_papua_new_guinea_uhslc,143.63,-3.57,0.485683385,0.033673047
weymouth_p991_uk_bodc,-2.4479,50.608,0.755029826,0.085844712
whitby_p174_uk_bodc,-0.61417,54.49,0.722985447,0.128354435
wick_p035_uk_bodc,-3.0863,58.441,0.823189838,0.090833004
"willapa_bay,_wa_564a_usa_uhslc",-123.97,46.708,0.80905123,0.111075169
willemstad_778a_curacao_uhslc,-68.942,12.103,0.536691819,0.038481484
willetspoint_usa_noaa,-73.782,40.793,0.736780782,0.132941643
williamstown_028_australia_johnhunter,144.9,-37.857,0.839953314,0.075725577
"wilmington,nc_750a_usa_uhslc",-77.953,34.227,0.549052539,0.098387278
wladyslawowo_wlad_poland_eseas,18.419,54.797,0.659195354,0.126128461
"woodislands,pei_01630_canada_meds",-62.7,45.683,0.589869006,0.139070361
"woods_hole,ma_742a_usa_uhslc",-70.672,41.523,0.736157766,0.087344544
workington_p217_uk_bodc,-3.5676,54.651,0.784253752,0.14845026
wyndham_029_australia_johnhunter,149.65,-36.929,0.149324602,0.108507968
wyndham_165a_australia_uhslc,128.1,-15.453,0.370617661,0.099478486
xiamen_376a_china_uhslc,118.07,24.45,0.800064648,0.105283888
"yabucoa_harbor,_pr_734a_usa_uhslc",-65.832,18.055,0.363095906,0.029758717
yakutat_usa_noaa,-139.74,59.548,0.788644948,0.094332397
yap_b_008b_fd._st._micronesia_uhslc,138.13,9.5167,0.244883627,0.048985862
"yarmouth,ns_00365_canada_meds",-66.117,43.833,0.56649898,0.105183975
yavaros_677a_mexico_uhslc,-109.51,26.703,0.341986402,0.065924903
yokohama_japan_jma,139.63,35.467,0.642937062,0.068778875
yonaguni_japan_jma,122.95,24.45,0.496005762,0.06484255
ystad_027_sweden_smhi,13.817,55.417,0.579320017,0.133549535
zanzibar_151a_tanzania_uhslc,39.19,-6.155,0.262805026,0.038406322
zhapo_a_635a_china_uhslc,111.83,21.583,0.727661702,0.096437402
